City_ID,City,Cloudiness,Country,Date,Humidity,Lat,Lng,Max Temp,Wind Speed
0,hithadhoo,64,MV,1538269970,100,-0.6,73.08,82.0,12.77
1,port augusta,24,AU,1538269200,32,-32.49,137.76,66.2,6.93
2,atuona,92,PF,1538269971,100,-9.8,-139.03,78.04,9.75
3,mataura,68,NZ,1538269877,100,-46.19,168.86,50.68,4.38
4,pichayevo,92,RU,1538269971,97,51.79,41.22,42.85,7.07
5,bluff,0,AU,1538269971,44,-23.58,149.07,78.85,9.98
6,ulaanbaatar,40,MN,1538269200,86,47.92,106.92,33.8,2.24
7,luderitz,0,NA,1538269971,76,-26.65,15.16,60.49,4.5
8,punta arenas,90,CL,1538267400,93,-53.16,-70.91,35.6,13.87
9,ushuaia,90,AR,1538265600,98,-54.81,-68.31,32.0,17.22
10,kapaa,90,US,1538265540,96,22.08,-159.32,80.06,12.75
11,mandalgovi,8,MN,1538269972,93,45.76,106.27,30.43,10.54
12,dikson,88,RU,1538269972,83,73.51,80.55,42.67,24.29
13,saskylakh,80,RU,1538269972,100,71.97,114.09,31.15,12.44
14,seybaplaya,20,MX,1538264460,83,19.65,-90.67,84.2,11.41
15,develi,40,TR,1538268600,58,38.39,35.49,59.0,3.36
16,butaritari,12,KI,1538269973,100,3.07,172.79,85.24,6.51
17,constitucion,90,MX,1538264580,56,23.99,-104.67,69.8,9.17
18,san quintin,20,PH,1538269200,78,17.54,120.52,82.4,2.24
19,bambous virieux,40,MU,1538265600,83,-20.34,57.76,69.8,10.29
20,vagamo,0,NO,1538269973,76,61.88,9.1,36.1,5.95
21,mosquera,40,CO,1538265600,63,4.71,-74.23,60.8,4.7
22,busselton,0,AU,1538269973,100,-33.64,115.35,56.8,17.58
23,sao felix do xingu,36,BR,1538269974,92,-6.64,-51.99,77.23,2.15
24,bredasdorp,12,ZA,1538265600,87,-34.53,20.04,53.6,2.24
25,hambantota,88,LK,1538269721,100,6.12,81.12,77.14,8.41
26,chokurdakh,92,RU,1538269974,96,70.62,147.9,32.86,16.46
27,port hardy,75,CA,1538269200,51,50.7,-127.42,62.6,6.93
28,albany,20,US,1538268840,80,42.65,-73.75,51.98,4.05
29,severo-kurilsk,8,RU,1538269871,88,50.68,156.12,52.57,6.62
30,rikitea,24,PF,1538269878,100,-23.12,-134.97,73.09,12.21
31,hasaki,75,JP,1538268540,100,35.73,140.83,68.0,6.93
32,antofagasta,90,CL,1538265600,77,-23.65,-70.4,59.0,10.29
33,jamestown,20,AU,1538269812,36,-33.21,138.6,57.25,14.12
34,te anau,56,NZ,1538269975,100,-45.41,167.72,44.74,3.49
35,vaini,20,IN,1538269877,94,15.34,74.49,68.32,2.37
36,puri,20,ID,1538265600,65,-7.54,112.45,82.4,3.36
37,sinnamary,0,GF,1538269976,96,5.38,-52.96,82.0,13.44
38,hermanus,8,ZA,1538269911,78,-34.42,19.24,44.2,2.71
39,islamkot,0,PK,1538269976,78,24.7,70.18,75.52,7.18
40,flin flon,88,CA,1538269976,81,54.77,-101.88,37.63,10.2
41,mar del plata,48,AR,1538269976,55,-46.43,-67.52,46.0,18.81
42,ribeira grande,44,PT,1538269902,100,38.52,-28.7,70.84,19.6
43,kahului,40,US,1538268300,66,20.89,-156.47,89.06,13.87
44,pangnirtung,92,CA,1538269977,99,66.15,-65.72,31.24,9.42
45,khairpur nathan shah,0,PK,1538269977,68,27.09,67.73,72.73,4.61
46,lagoa,0,PT,1538269200,83,37.14,-8.45,69.8,3.15
47,provideniya,92,RU,1538269977,88,64.42,-173.23,49.24,28.77
48,kisangani,68,CD,1538269977,99,0.52,25.21,72.28,2.15
49,cabo san lucas,75,MX,1538267160,88,22.89,-109.91,80.6,3.36
50,barrow,0,AR,1538269978,90,-38.31,-60.23,50.77,9.08
51,coihaique,75,CL,1538265600,62,-45.58,-72.07,32.0,3.36
52,sao joao da barra,92,BR,1538269716,100,-21.64,-41.05,74.35,7.74
53,huilong,48,CN,1538269978,79,28.89,110.18,62.92,2.93
54,sambava,88,MG,1538269978,100,-14.27,50.17,73.36,13.22
55,alofi,24,NU,1538265600,61,-19.06,-169.92,78.8,14.99
56,norman wells,75,CA,1538265600,55,65.28,-126.83,37.4,6.93
57,caborca,8,MX,1538269979,28,30.58,-111.1,89.65,4.38
58,esperance,20,TT,1538265600,88,10.24,-61.45,80.6,6.93
59,port alfred,0,ZA,1538269979,89,-33.59,26.89,63.37,20.6
60,vila velha,75,BR,1538269200,78,-3.71,-38.6,80.6,12.75
61,avarua,75,CK,1538269200,60,-21.21,-159.78,73.4,5.82
62,guabito,56,PA,1538269979,100,9.5,-82.61,75.25,2.93
63,manaus,20,BR,1538269200,69,-3.13,-59.98,82.4,3.36
64,qaanaaq,68,GL,1538269910,100,77.48,-69.36,16.75,4.38
65,saint george,90,GR,1538268600,93,39.45,22.34,57.2,12.75
66,chernyshevskiy,0,RU,1538269980,94,63.01,112.47,37.36,3.04
67,longyearbyen,20,NO,1538268600,73,78.22,15.63,19.4,8.05
68,konza,75,KE,1538267400,93,-1.74,37.13,60.8,5.82
69,hilo,75,US,1538267460,68,19.71,-155.08,86.0,11.41
70,puerto ayora,20,EC,1538265600,73,-0.74,-90.35,77.0,18.34
71,richards bay,80,ZA,1538269930,92,-28.77,32.06,62.47,2.59
72,iqaluit,90,CA,1538265600,93,63.75,-68.52,35.6,5.82
73,la romana,75,DO,1538265600,100,18.43,-68.97,75.2,16.11
74,katsuura,75,JP,1538268060,88,33.93,134.5,78.8,25.28
75,atakpame,32,TG,1538269981,96,7.53,1.13,69.85,2.71
76,kimbe,0,PG,1538269981,96,-5.56,150.15,82.45,7.4
77,cidreira,0,BR,1538269918,78,-30.17,-50.22,72.82,14.67
78,bandiagara,0,ML,1538265600,94,14.35,-3.61,77.0,2.93
79,cape town,0,ZA,1538265600,87,-33.93,18.42,51.8,5.82
80,alice springs,0,AU,1538269200,20,-23.7,133.88,77.0,18.34
81,naze,80,NG,1538269982,96,5.43,7.07,73.99,4.72
82,dongsheng,8,CN,1538269982,82,29.72,112.52,67.15,2.71
83,boa vista,0,BR,1538269200,62,2.82,-60.67,86.0,6.93
84,nanakuli,1,US,1538266200,71,21.39,-158.15,89.06,6.93
85,tezu,68,IN,1538269983,82,27.93,96.16,66.52,1.48
86,monrovia,92,LR,1538269983,96,6.33,-10.8,75.88,6.73
87,ossora,0,RU,1538269925,100,59.24,163.07,46.09,5.06
88,husavik,48,CA,1538269882,77,50.56,-96.99,43.21,8.52
89,airai,0,TL,1538269984,59,-8.93,125.41,75.88,2.59
90,okha,24,RU,1538269984,67,53.59,142.95,52.03,8.63
91,waycross,1,US,1538267880,90,31.21,-82.35,80.6,5.82
92,port lincoln,80,AU,1538269934,85,-34.72,135.86,58.51,17.58
93,bayir,75,TR,1538268600,83,37.27,28.22,69.8,11.41
94,esmeraldas,75,BR,1538265600,83,-19.76,-44.31,69.8,6.93
95,bereda,8,ES,1538269200,100,43.27,-7.54,57.2,3.36
96,santa lucia,5,IT,1538265300,63,39.93,9.66,64.4,9.17
97,yellowknife,75,CA,1538267040,90,62.45,-114.38,32.0,10.29
98,maniitsoq,88,GL,1538269986,95,65.42,-52.9,37.54,13.11
99,pisco,0,PE,1538265600,30,-13.71,-76.2,71.6,16.11
100,ostrovnoy,8,RU,1538269986,92,68.05,39.51,24.4,10.98
101,carnarvon,0,ZA,1538269917,14,-30.97,22.13,44.65,8.63
102,byron bay,90,AU,1538269200,87,-28.65,153.62,60.8,9.17
103,portland,90,US,1538268960,56,45.52,-122.67,66.02,3.36
104,boksitogorsk,92,RU,1538269987,93,59.47,33.85,34.57,6.62
105,gat,36,SN,1538269987,85,14.69,-16.54,79.3,6.96
106,ulaangom,44,MN,1538269987,76,49.98,92.07,34.21,1.7
107,castro,56,CL,1538269987,96,-42.48,-73.76,37.81,8.08
108,natal,40,BR,1538265600,69,-5.81,-35.21,80.6,13.87
109,barwadih,32,IN,1538269987,79,26.9,84.87,78.31,4.5
110,birjand,0,IR,1538265600,21,32.86,59.22,48.2,4.7
111,ancud,12,CL,1538269892,79,-41.87,-73.83,39.52,8.41
112,hobart,20,AU,1538269200,44,-42.88,147.33,60.8,18.34
113,tuktoyaktuk,75,CA,1538266500,86,69.44,-133.03,26.6,2.24
114,bethel,75,US,1538268780,52,60.79,-161.76,64.94,12.75
115,sao filipe,88,CV,1538269971,100,14.9,-24.5,77.32,8.41
116,port elizabeth,1,US,1538268900,80,39.31,-74.98,66.92,5.82
117,lethem,8,GY,1538269989,55,3.38,-59.8,85.69,9.53
118,manjacaze,92,MZ,1538269989,61,-24.71,33.88,70.75,18.81
119,pankrushikha,8,RU,1538269989,53,53.83,80.35,46.54,11.65
120,kavaratti,36,IN,1538269989,100,10.57,72.64,80.74,6.4
121,biak,88,ID,1538269989,100,-0.91,122.88,75.16,5.06
122,saint anthony,1,US,1538265360,30,43.97,-111.68,75.02,5.82
123,georgetown,0,GY,1538265600,88,6.8,-58.16,78.8,4.7
124,coquimbo,64,CL,1538265600,87,-29.95,-71.34,55.4,3.36
125,aklavik,75,CA,1538265600,74,68.22,-135.01,33.8,6.93
126,kodiak,90,US,1538268780,86,39.95,-94.76,60.08,4.7
127,salinas,1,US,1538267700,60,36.67,-121.66,69.08,11.41
128,saint-philippe,75,CA,1538268900,81,45.36,-73.48,55.4,5.82
129,saldanha,44,PT,1538269991,76,41.42,-6.55,59.05,3.15
130,muros,0,ES,1538269200,100,42.77,-9.06,60.8,4.72
131,micheweni,92,TZ,1538269991,100,-4.97,39.83,77.05,14.0
132,bulgan,0,MN,1538269991,65,48.81,103.53,21.7,2.59
133,cherskiy,68,RU,1538269928,88,68.75,161.3,38.89,4.05
134,sola,90,FI,1538268600,93,62.78,29.36,39.2,10.29
135,guerrero negro,0,MX,1538269992,50,27.97,-114.04,83.35,9.64
136,san jose,80,PH,1538269993,97,15.79,120.99,75.52,1.48
137,berdigestyakh,88,RU,1538269993,83,62.1,126.7,36.37,4.72
138,derzhavinsk,8,KZ,1538269993,66,51.1,66.31,42.58,9.19
139,mayo,40,CA,1538265600,24,63.59,-135.9,48.2,2.24
140,vao,92,EE,1538269993,100,59.1,26.19,43.39,15.79
141,cockburn town,80,TC,1538269820,97,21.46,-71.14,83.71,17.81
142,nanortalik,92,GL,1538269994,95,60.14,-45.24,37.09,20.15
143,ahipara,48,NZ,1538269965,69,-35.17,173.16,61.57,12.55
144,sri aman,75,MY,1538269200,88,1.24,111.46,78.8,1.12
145,mahebourg,40,MU,1538265600,83,-20.41,57.7,69.8,10.29
146,axim,8,GH,1538269994,99,4.87,-2.24,78.22,10.76
147,narsaq,92,GL,1538268600,51,60.91,-46.05,37.4,4.7
148,kefalos,40,GR,1538268600,88,36.75,26.96,71.6,10.29
149,talmenka,0,RU,1538267400,72,53.82,83.56,44.6,8.95
150,isangel,92,VU,1538269995,100,-19.55,169.27,73.27,21.16
151,teguise,20,ES,1538269200,83,29.06,-13.56,73.4,1.12
152,escanaba,90,US,1538265360,78,45.75,-87.06,42.08,6.17
153,ponta do sol,76,BR,1538269995,71,-20.63,-46.0,72.37,6.4
154,osmena,24,PH,1538269995,100,12.17,124.59,80.11,2.71
155,clyde river,90,CA,1538265600,92,70.47,-68.59,23.0,13.87
156,oxbow,75,CA,1538265600,52,49.23,-102.17,44.6,9.17
157,talara,0,PE,1538269996,73,-4.58,-81.27,71.2,8.41
158,sibu,75,MY,1538269200,83,2.29,111.83,80.6,4.7
159,yelovo,92,RU,1538269996,94,57.05,54.92,40.51,2.71
160,east london,32,ZA,1538269996,100,-33.02,27.91,65.53,22.28
161,dogondoutchi,76,NE,1538269996,87,13.64,4.03,74.35,2.93
162,bambanglipuro,80,ID,1538269996,87,-7.95,110.28,73.99,4.05
163,pinellas park,90,US,1538267700,69,27.84,-82.7,89.06,6.93
164,arraial do cabo,92,BR,1538269711,96,-22.97,-42.02,73.27,12.1
165,babu,24,CN,1538269997,91,23.23,104.89,61.12,3.15
166,kaitangata,44,NZ,1538269997,96,-46.28,169.85,51.04,4.16
167,lasa,0,CY,1538269200,53,34.92,32.53,77.0,5.82
168,lebu,75,ET,1538265600,58,8.96,38.73,57.2,6.93
169,tasiilaq,0,GL,1538268600,51,65.61,-37.64,35.6,6.93
170,tiruvannamalai,0,IN,1538269998,95,12.23,79.08,72.82,4.16
171,wanning,0,AT,1538268600,65,48.64,13.53,44.6,9.17
172,makhachkala,0,RU,1538267400,82,42.98,47.5,57.2,8.95
173,viedma,0,AR,1538269998,56,-40.81,-62.99,57.79,16.02
174,cayenne,0,GF,1538267400,88,4.94,-52.33,78.8,3.36
175,mareeba,20,AU,1538269200,42,-16.99,145.42,82.4,20.8
176,katherine,0,AU,1538269200,21,-14.47,132.26,91.4,14.99
177,pandan,80,PH,1538269999,100,11.72,122.09,80.29,10.65
178,dukat,24,RS,1538269999,82,42.44,22.31,43.66,1.92
179,laguna,40,MX,1538264640,58,27.52,-110.01,87.8,9.17
180,nouadhibou,0,MR,1538269999,83,20.93,-17.03,74.35,13.78
181,tigil,48,RU,1538269999,81,57.8,158.67,45.01,14.45
182,ariguani,76,CO,1538270000,96,10.25,-74.0,70.3,2.15
183,awjilah,88,LY,1538270000,52,29.14,21.3,64.09,2.93
184,kununurra,0,AU,1538269200,43,-15.77,128.74,89.6,11.41
185,indianola,1,US,1538268780,71,40.24,-100.42,56.48,5.82
186,sorong,0,ID,1538270000,100,-0.86,131.25,81.91,11.99
187,sao raimundo das mangabeiras,88,BR,1538270001,22,-7.02,-45.48,94.33,8.63
188,palmas bellas,40,PA,1538265600,88,9.23,-80.09,77.0,5.82
189,port-gentil,92,GA,1538270001,100,-0.72,8.78,77.59,7.07
190,dasoguz,0,TM,1538267400,44,41.84,59.97,57.2,9.17
191,honningsvag,92,NO,1538270001,100,70.98,25.97,39.25,17.58
192,baykit,32,RU,1538270002,94,61.68,96.39,39.52,8.97
193,marawi,0,PH,1538270002,79,8.0,124.29,76.15,3.38
194,vostok,92,RU,1538270002,100,46.45,135.83,50.32,2.71
195,khatanga,8,RU,1538270002,88,71.98,102.47,41.77,13.0
196,grindavik,20,IS,1538267400,80,63.84,-22.43,37.4,10.29
197,vostochnyy,0,RU,1538267400,92,55.82,37.87,32.0,4.47
198,doka,0,SD,1538270003,67,13.52,35.76,71.38,5.06
199,saint-pierre,0,FR,1538269200,86,48.95,4.24,41.0,9.17
200,russell,0,AR,1538265600,63,-33.01,-68.8,64.4,5.82
201,adrar,0,DZ,1538265600,31,27.87,-0.29,73.4,8.05
202,dakar,40,SN,1538265600,94,14.69,-17.45,78.8,4.7
203,borba,0,PT,1538269961,83,38.81,-7.46,61.39,2.93
204,kizukuri,75,JP,1538265600,87,40.81,140.39,60.8,3.36
205,quelimane,48,MZ,1538270004,89,-17.88,36.89,75.25,10.2
206,dehui,75,CN,1538265600,87,44.53,125.71,51.8,4.47
207,geraldton,90,CA,1538265600,69,49.72,-86.95,33.8,5.82
208,new norfolk,20,AU,1538269200,44,-42.78,147.06,60.8,18.34
209,victor harbor,0,AU,1538269200,34,-35.55,138.62,64.4,12.75
210,hamilton,40,CA,1538265600,57,43.26,-79.87,57.2,3.36
211,prince rupert,1,CA,1538269200,25,54.32,-130.32,62.6,9.17
212,san patricio,12,PY,1538270068,56,-26.98,-56.83,83.44,5.73
213,upata,44,VE,1538270006,87,8.02,-62.41,74.8,5.5
214,ha tinh,88,VN,1538270006,100,18.33,105.9,82.72,10.54
215,sangar,0,RU,1538269942,65,63.92,127.47,33.22,2.59
216,valparaiso,90,US,1538268300,58,41.47,-87.06,59.0,5.82
217,vinukonda,36,IN,1538270007,91,16.05,79.74,76.24,4.05
218,north bend,1,US,1538268960,77,43.41,-124.22,60.8,5.82
219,lianyuan,12,CN,1538270008,84,27.69,111.67,63.37,2.37
220,taoudenni,36,ML,1538270008,27,22.68,-3.98,77.59,7.4
221,miechow,0,PL,1538269200,100,50.36,20.03,33.8,1.12
222,greymouth,92,NZ,1538270009,100,-42.45,171.21,52.57,15.46
223,faanui,12,PF,1538270009,100,-16.48,-151.75,77.32,4.5
224,valdivia,90,CL,1538265600,93,-39.81,-73.25,46.4,9.17
225,nago,5,IT,1538268900,93,45.88,10.89,62.6,1.92
226,kargasok,92,RU,1538270009,67,59.06,80.87,52.93,11.65
227,pingliang,92,CN,1538270010,59,35.54,106.68,45.19,2.37
228,kruisfontein,0,ZA,1538270010,81,-34.0,24.73,61.39,18.81
229,pevek,32,RU,1538270010,78,69.7,170.27,50.14,13.11
230,pemberton,0,AU,1538270010,87,-34.44,116.03,55.54,11.99
231,saeby,100,DK,1538270010,100,57.33,10.52,54.73,29.77
232,banda aceh,76,ID,1538270010,100,5.56,95.32,75.07,2.15
233,oriximina,8,BR,1538270011,54,-1.77,-55.87,88.48,5.73
234,thompson,90,CA,1538265600,74,55.74,-97.86,33.8,8.05
235,san francisco,90,US,1538267700,82,37.78,-122.42,73.94,14.99
236,dukhovnitskoye,92,RU,1538270012,100,52.48,48.21,49.87,15.12
237,egvekinot,92,RU,1538270012,99,66.32,-179.17,47.89,8.19
238,tiksi,80,RU,1538269905,95,71.64,128.87,31.42,7.52
239,mantua,40,IT,1538268600,48,45.16,10.79,62.6,6.93
240,matay,0,EG,1538270013,57,28.42,30.79,75.25,9.42
241,eureka,75,US,1538267700,100,40.8,-124.16,62.96,7.07
242,ilulissat,48,GL,1538268600,50,69.22,-51.1,33.8,13.87
243,kidal,56,ML,1538270013,53,18.44,1.41,76.42,2.93
244,mananjary,56,MG,1538270013,94,-19.16,46.8,51.85,3.15
245,lebork,0,PL,1538269200,75,54.54,17.75,42.8,4.7
246,saint albans,1,US,1538268900,91,44.81,-73.08,57.92,8.08
247,takoradi,24,GH,1538270014,99,4.89,-1.75,76.69,6.96
248,comodoro rivadavia,0,AR,1538265600,81,-45.87,-67.48,44.6,4.7
249,aykhal,68,RU,1538269928,90,65.95,111.51,37.72,2.71
250,anadyr,75,RU,1538265600,93,64.73,177.51,50.0,38.03
251,gilgit,20,PK,1538270014,72,35.92,74.31,36.46,0.58
252,spring valley,20,US,1538268960,86,41.11,-74.04,68.0,3.36
253,port hedland,0,AU,1538269200,34,-20.31,118.58,80.6,19.46
254,binzhou,0,CN,1538270015,50,37.38,117.96,55.72,10.42
255,konotop,0,UA,1538270015,94,51.24,33.21,38.71,6.96
256,tumut,0,AU,1538270015,59,-35.3,148.22,52.84,2.59
257,pristen,0,RU,1538267400,100,51.24,36.69,39.2,6.71
258,yenotayevka,36,RU,1538270015,85,47.24,47.04,54.1,7.74
259,sweetwater,1,US,1538268960,65,32.47,-100.41,77.9,5.82
260,haicheng,32,CN,1538270016,100,40.85,122.74,46.99,3.94
261,manakara,36,MG,1538270016,98,-22.14,48.01,67.6,7.74
262,murray bridge,0,AU,1538269756,94,-35.12,139.28,54.19,10.2
263,jalu,80,LY,1538269955,39,29.03,21.55,64.54,2.71
264,sitka,0,US,1538269904,54,37.17,-99.65,77.32,16.58
265,kenora,90,CA,1538267700,65,49.76,-94.48,44.6,9.17
266,anloga,20,GH,1538265600,88,5.79,0.9,78.8,10.29
267,saint-joseph,0,FR,1538269200,67,43.56,6.97,68.0,4.7
268,tooele,1,US,1538268960,23,40.53,-112.3,82.94,17.22
269,soe,92,EE,1538268600,70,57.91,26.05,44.6,16.11
270,tautira,40,PF,1538269200,61,-17.73,-149.15,82.4,11.41
271,katangli,92,RU,1538270017,100,51.71,143.23,46.54,7.96
272,homer,1,US,1538268780,77,59.64,-151.54,55.04,13.87
273,bathsheba,20,BB,1538265600,78,13.22,-59.52,80.6,18.34
274,olinda,40,EC,1538265600,73,-2.03,-79.75,77.0,14.99
275,khandyga,0,RU,1538270018,68,62.65,135.58,33.67,5.61
276,kovdor,92,RU,1538270018,86,67.56,30.47,35.29,9.42
277,ponta delgada,40,PT,1538269200,72,37.73,-25.67,68.0,8.05
278,bilibino,80,RU,1538269905,91,68.06,166.44,46.0,4.94
279,margate,20,AU,1538269200,44,-43.03,147.26,60.8,18.34
280,lyngseidet,75,NO,1538268600,86,69.58,20.21,39.2,14.99
281,mombetsu,75,JP,1538265600,67,44.35,143.35,60.8,3.36
282,yakeshi,24,CN,1538270019,85,49.28,120.73,44.38,7.52
283,pfungstadt,0,DE,1538268600,75,49.8,8.6,44.96,5.82
284,bodden town,20,KY,1538265600,83,19.28,-81.25,84.2,8.05
285,belmonte,20,PT,1538270019,78,40.36,-7.35,56.26,2.93
286,moerai,48,PF,1538270019,100,-22.43,-151.33,70.75,15.46
287,naryan-mar,0,RU,1538270019,94,67.67,53.09,37.27,21.83
288,trhove sviny,0,CZ,1538270020,75,48.84,14.64,37.45,6.62
289,port blair,8,IN,1538269908,100,11.67,92.75,83.17,2.59
290,holme,90,GB,1538268600,93,53.7,-2.31,53.6,3.36
291,kaspiysk,0,RU,1538267400,82,42.88,47.64,57.2,8.95
292,yarim,0,YE,1538270020,54,14.3,44.38,42.58,1.36
293,damghan,0,IR,1538270020,69,36.17,54.34,53.74,2.71
294,balakhta,0,RU,1538270020,88,55.38,91.62,38.62,5.17
295,camacha,75,PT,1538269200,78,33.08,-16.33,71.6,9.17
296,nacozari,20,MX,1538270021,58,25.34,-108.26,88.48,4.72
297,hobyo,76,SO,1538270021,91,5.35,48.53,76.51,11.1
298,komsomolskiy,92,RU,1538270021,99,67.55,63.78,35.92,18.59
299,tromso,75,NO,1538268600,86,69.65,18.96,39.2,14.99
300,tabas,0,IR,1538270021,38,33.6,56.92,48.79,2.71
301,hanmer springs,92,NZ,1538270021,61,-42.52,172.83,51.67,9.98
302,lipin bor,56,RU,1538270022,100,60.26,37.97,33.67,11.1
303,flinders,0,AU,1538265600,36,-34.58,150.85,60.8,5.82
304,mikhaylovskoye,0,RU,1538270022,80,43.1,44.64,43.3,1.92
305,bubaque,40,GW,1538265600,94,11.28,-15.83,77.0,4.7
306,oeiras,0,BR,1538270022,30,-7.01,-42.13,84.79,8.52
307,plettenberg bay,0,ZA,1538270023,98,-34.05,23.37,62.2,17.81
308,tazovskiy,92,RU,1538270023,92,67.47,78.7,41.59,12.21
309,calama,0,CL,1538265600,10,-22.46,-68.93,64.4,16.11
310,oranjemund,0,ZA,1538270023,80,-28.55,16.43,61.84,18.59
311,freeport,88,BS,1538270023,97,26.54,-78.7,82.9,18.25
312,port macquarie,75,AU,1538269200,39,-31.43,152.91,64.4,8.05
313,las vegas,40,US,1538268960,18,36.17,-115.15,95.36,11.41
314,elizabeth city,1,US,1538269140,81,36.3,-76.22,70.88,5.82
315,durban,20,FR,1538269200,82,43.54,0.58,57.2,4.7
316,broome,0,GB,1538268960,93,52.47,1.45,42.8,5.82
317,sioux lookout,75,CA,1538265600,64,50.1,-91.92,39.2,9.17
318,klaksvik,76,FO,1538268600,87,62.23,-6.59,44.6,17.22
319,zhigansk,0,RU,1538270024,100,66.77,123.37,31.87,6.73
320,asyut,0,EG,1538265600,53,27.18,31.19,75.2,10.29
321,kudahuvadhoo,76,MV,1538270025,100,2.67,72.89,83.44,17.02
322,kalmar,32,SE,1538268600,71,56.66,16.36,51.8,11.41
323,road town,1,VG,1538265180,72,18.42,-64.62,80.96,11.41
324,lake charles,75,US,1538268900,97,30.23,-93.22,76.1,4.7
325,renqiu,0,CN,1538270025,44,38.71,116.1,55.0,10.54
326,manaure,75,CO,1538265600,83,11.78,-72.45,82.4,6.93
327,chuy,92,UY,1538269807,97,-33.69,-53.46,66.79,6.17
328,kindersley,75,CA,1538265600,50,51.47,-109.16,33.8,25.28
329,wagga wagga,0,AU,1538269200,36,-35.12,147.37,60.8,4.7
330,vinh,24,VN,1538270026,91,18.67,105.69,75.43,5.39
331,itarema,8,BR,1538269941,82,-2.92,-39.92,78.04,15.01
332,tura,48,IN,1538270026,98,25.52,90.21,72.28,3.15
333,pochutla,40,MX,1538264460,74,15.74,-96.47,84.2,10.29
334,phuket,20,TH,1538269200,83,7.89,98.4,82.4,1.12
335,havre-saint-pierre,20,CA,1538265600,66,50.23,-63.6,42.8,10.29
336,muroto,75,JP,1538265600,88,33.37,134.14,78.8,16.11
337,kant,0,KG,1538270027,62,42.89,74.85,29.35,2.59
338,mecca,48,SA,1538270027,93,21.43,39.83,75.52,2.37
339,kalakamati,0,BW,1538270028,50,-20.59,27.31,65.62,22.28
340,hella,0,IS,1538270028,100,63.84,-20.4,37.54,21.27
341,dawei,92,MM,1538270028,93,14.07,98.19,76.69,2.48
342,talnakh,92,RU,1538270028,92,69.49,88.39,42.58,20.04
343,pizarro,92,CO,1538270028,100,4.95,-77.37,76.87,1.03
344,rawson,80,AR,1538270029,27,-43.3,-65.11,62.11,18.81
345,buraydah,0,SA,1538265600,29,26.33,43.97,75.2,4.7
346,lagos,32,NG,1538270029,98,6.46,3.39,77.05,4.61
347,mayumba,76,GA,1538270029,98,-3.44,10.65,74.35,4.61
348,tuatapere,0,NZ,1538270029,95,-46.13,167.69,51.49,3.94
349,lerwick,88,GB,1538268600,61,60.15,-1.15,50.0,24.16
350,mitoc,75,MD,1538269200,87,47.39,28.78,48.2,8.05
351,almunecar,0,ES,1538269200,87,36.73,-3.69,60.8,6.06
352,upernavik,92,GL,1538269782,100,72.79,-56.15,34.75,16.8
353,hauterive,0,FR,1538269200,87,46.09,3.45,48.2,13.87
354,ilebo,92,CD,1538270030,95,-4.33,20.59,72.64,2.15
355,mackay,90,CA,1538269200,51,53.65,-115.58,35.6,8.05
356,nikolskoye,20,RU,1538267400,75,59.7,30.79,42.8,13.42
357,vanimo,44,PG,1538269894,100,-2.67,141.3,81.73,10.65
358,beyneu,68,KZ,1538270031,46,45.32,55.19,59.77,7.96
359,san cristobal,40,EC,1538265600,63,-0.39,-78.55,60.8,13.87
360,guerande,0,FR,1538269200,87,48.47,-4.17,46.4,2.24
361,xining,92,CN,1538270031,92,36.62,101.77,34.75,1.59
362,luanda,75,AO,1538265600,88,-8.83,13.24,73.4,4.7
363,padang,100,ID,1538269917,100,-0.92,100.36,76.06,1.36
364,avera,1,US,1538267700,95,33.19,-82.53,77.0,3.36
365,nelson bay,75,AU,1538269200,55,-32.72,152.14,64.4,13.87
366,bataipora,88,BR,1538270032,72,-22.3,-53.27,77.59,3.38
367,carauari,8,BR,1538270032,80,-4.88,-66.9,82.54,3.71
368,hovd,75,NO,1538268600,87,63.83,10.7,48.2,12.75
369,verkhnevilyuysk,92,RU,1538270032,96,63.45,120.31,42.85,4.94
370,havoysund,76,NO,1538268600,93,71.0,24.66,39.2,19.46
371,chervishevo,0,RU,1538267400,86,56.95,65.43,41.0,8.95
372,warrington,75,GB,1538268600,76,53.39,-2.59,53.6,14.99
373,snihurivka,56,UA,1538270033,79,47.07,32.8,53.38,13.56
374,najran,0,SA,1538265600,26,17.54,44.22,71.6,2.59
375,kotka,90,FI,1538268600,93,60.47,26.95,46.4,10.29
376,hammerfest,24,NO,1538268600,100,70.66,23.68,42.8,19.46
377,pacifica,90,US,1538268900,82,37.61,-122.49,73.94,14.99
378,alta floresta,20,BR,1538270034,94,-9.87,-56.08,76.51,0.92
379,warnes,40,BO,1538265600,78,-17.51,-63.16,75.2,10.29
380,mandera,0,ET,1538270034,73,3.94,41.86,77.5,10.2
381,ketchikan,1,US,1538268960,5,55.34,-131.65,64.04,4.7
382,anshun,32,CN,1538270034,88,26.25,105.93,56.8,3.49
383,itapeva,24,BR,1538270035,92,-23.98,-48.88,66.52,7.96
384,ust-kalmanka,0,RU,1538269931,75,52.12,83.31,38.8,5.06
385,teahupoo,40,PF,1538269200,61,-17.83,-149.27,82.4,11.41
386,mporokoso,0,ZM,1538270035,34,-9.37,30.12,71.02,13.56
387,kabanjahe,40,ID,1538265600,94,3.1,98.49,77.0,3.36
388,waipawa,8,NZ,1538270035,64,-39.94,176.59,59.95,6.51
389,acapulco,75,MX,1538264700,74,16.86,-99.88,86.0,3.36
390,fortuna,0,ES,1538269200,88,38.18,-1.13,64.4,4.7
391,havelock,1,US,1538268960,78,34.88,-76.9,77.0,6.93
392,bilma,0,NE,1538269888,24,18.69,12.92,78.67,4.72
393,neuquen,0,AR,1538265600,38,-38.95,-68.06,59.0,11.41
394,kavieng,8,PG,1538270036,100,-2.57,150.8,85.42,5.61
395,brumadinho,75,BR,1538265600,83,-20.14,-44.2,69.8,6.93
396,akim swedru,64,GH,1538270036,97,5.89,-1.02,73.27,5.17
397,gondanglegi,0,ID,1538270036,81,-7.75,112.01,73.09,4.72
398,souillac,0,FR,1538269200,66,45.6,-0.6,55.4,6.93
399,iranshahr,0,IR,1538265600,17,27.21,60.69,73.4,9.17
400,lorengau,24,PG,1538270037,98,-2.02,147.27,84.34,12.66
401,saint-francois,0,FR,1538269200,87,46.42,3.91,46.4,1.12
402,baruun-urt,32,MN,1538270037,90,46.68,113.28,43.75,17.47
403,arlit,8,NE,1538270037,26,18.74,7.39,76.06,4.16
404,bar harbor,1,US,1538265360,89,44.39,-68.2,48.92,5.5
405,san juan,75,PR,1538265360,79,18.47,-66.12,80.96,10.65
406,catuday,80,PH,1538270039,100,16.29,119.81,80.2,5.73
407,champerico,40,MX,1538264640,69,16.38,-93.6,80.6,10.29
408,tashla,90,RU,1538267400,93,53.71,49.75,42.8,15.66
409,broken hill,0,AU,1538269902,43,-31.97,141.45,60.22,11.65
410,namibe,32,AO,1538269901,98,-15.19,12.15,69.13,1.48
411,san vicente,20,SV,1538265000,78,13.64,-88.78,82.4,2.24
412,saint-georges,12,CA,1538270042,80,46.12,-70.67,44.92,3.04
413,san angelo,75,US,1538268660,69,31.46,-100.44,78.98,10.29
414,nongstoin,80,IN,1538270042,96,25.52,91.27,71.2,2.04
415,vanavara,32,RU,1538270042,96,60.35,102.28,35.65,5.95
416,yar-sale,76,RU,1538270042,100,66.83,70.83,43.21,17.02
417,ixtapa,75,MX,1538264760,70,20.71,-105.21,86.0,8.05
418,nizwa,0,OM,1538270043,63,22.93,57.53,66.79,2.71
419,sarakhs,0,TM,1538265600,35,36.54,61.16,57.2,18.34
420,ormara,0,PK,1538270043,90,25.21,64.64,78.4,13.44
421,college,1,US,1538269080,6,64.86,-147.8,62.96,8.05
422,berezovyy,88,RU,1538270043,96,51.67,135.7,41.5,3.15
423,feijo,90,EC,1538265600,33,-3.63,-79.92,89.6,5.82
424,yacuiba,0,AR,1538270043,31,-22.01,-63.68,91.99,10.42
425,huarmey,0,PE,1538270044,69,-10.07,-78.15,63.82,3.49
426,shakiso,92,ET,1538270044,100,5.77,38.9,56.8,2.04
427,folldal,0,NO,1538270044,82,62.14,10.0,33.4,9.42
428,ardmore,1,US,1538269080,77,34.99,-86.85,73.94,5.82
429,ugoofaaru,100,MV,1538270044,100,5.67,73.0,83.17,17.25
430,santa fe,20,AR,1538270044,88,-31.62,-60.7,61.21,16.13
431,bonavista,76,CA,1538270045,87,48.65,-53.11,58.33,13.44
432,progreso,90,UY,1538265600,93,-34.68,-56.22,59.0,6.93
433,tahoua,48,NE,1538270045,61,14.89,5.26,79.03,7.18
434,bakchar,36,RU,1538270045,48,57.02,82.07,53.74,11.65
435,nantucket,90,US,1538267700,87,41.28,-70.1,62.96,4.7
436,shelburne,1,CA,1538265600,61,44.08,-80.2,53.6,3.36
437,sibut,44,CF,1538270046,90,5.73,19.09,71.56,3.04
438,bonnyville,90,CA,1538269200,50,54.27,-110.74,33.8,10.29
439,torbay,90,CA,1538269200,93,47.66,-52.73,62.6,11.41
440,hanchuan,0,CN,1538265600,64,30.65,113.83,68.0,4.47
441,taltal,0,CL,1538270046,88,-25.41,-70.49,57.88,1.92
442,marsh harbour,64,BS,1538270047,100,26.54,-77.06,83.35,20.15
443,wenceslau braz,56,BR,1538270047,85,-23.87,-49.8,68.68,5.5
444,henties bay,0,NA,1538270047,98,-22.12,14.28,56.26,6.4
445,nanfeng,0,CN,1538270047,79,27.22,116.52,67.33,4.16
446,agadez,8,NE,1538269927,31,16.97,7.99,78.94,3.38
447,nhulunbuy,75,AU,1538269200,58,-12.18,136.78,82.4,19.46
448,lermontovka,64,RU,1538270047,91,47.15,134.34,56.62,4.05
449,west wendover,1,US,1538268960,2,40.74,-114.07,82.94,13.87
450,rairangpur,20,IN,1538269200,88,22.27,86.18,77.0,2.59
451,sao jose da laje,75,BR,1538269200,94,-9.01,-36.06,73.4,3.36
452,shingu,75,JP,1538265600,78,33.72,135.99,82.4,23.04
453,srandakan,80,ID,1538270048,87,-7.94,110.25,73.99,4.05
454,tahe,0,CN,1538270048,63,52.34,124.71,43.57,5.39
455,nome,75,US,1538268900,90,30.04,-94.42,75.92,3.36
456,krutinka,8,RU,1538270048,79,56.01,71.51,47.62,8.08
457,yangambi,36,CD,1538270049,100,0.77,24.47,71.11,2.37
458,atyrau,0,KZ,1538267400,54,47.1,51.92,53.6,8.95
459,kutum,0,SD,1538270049,39,14.2,24.66,71.47,8.19
460,amuntai,48,ID,1538270049,81,-2.42,115.25,79.84,2.48
461,tiznit,8,MA,1538270049,88,29.7,-9.73,69.4,3.49
462,morondava,8,MG,1538270049,100,-20.3,44.28,71.56,4.05
463,teguldet,68,RU,1538270050,56,57.31,88.17,48.52,9.53
464,bowen,40,AU,1538265600,54,-20.01,148.25,80.6,12.75
465,sabha,8,LY,1538270050,78,27.03,14.43,66.97,7.18
466,vagur,76,FO,1538270050,99,61.47,-6.81,49.6,26.75
467,umm lajj,24,SA,1538270050,98,25.02,37.27,80.47,4.5
468,bogale,88,MM,1538270050,100,16.29,95.4,78.22,1.14
469,vila franca do campo,40,PT,1538269200,72,37.72,-25.43,68.0,8.05
470,agropoli,0,IT,1538270050,100,40.35,15.0,65.26,9.08
471,thalassery,68,IN,1538270051,99,11.75,75.49,72.55,2.37
472,karasburg,0,NA,1538270051,12,-28.01,18.75,63.82,10.42
473,victoria,90,BN,1538269200,83,5.28,115.24,84.2,3.36
474,abu dhabi,36,AE,1538265600,29,24.47,54.37,89.6,3.36
475,oum hadjer,0,TD,1538270051,69,13.3,19.7,76.6,2.71
476,puerto escondido,40,MX,1538264460,74,15.86,-97.07,84.2,4.72
477,gornozavodsk,88,RU,1538270052,89,58.37,58.33,40.51,8.19
478,mezen,8,RU,1538269877,93,65.85,44.24,33.94,5.95
479,toumodi,75,CI,1538265600,94,6.56,-5.02,77.0,4.7
480,aripuana,0,BR,1538270052,73,-9.17,-60.63,84.7,1.92
481,changli,100,CN,1538270052,96,30.54,105.42,66.34,3.04
482,jacqueville,75,CI,1538267400,94,5.21,-4.42,77.0,8.05
483,pocone,36,BR,1538270052,68,-16.26,-56.62,81.73,2.71
484,dongobesh,56,TZ,1538270053,87,-4.07,35.37,53.74,4.72
485,jurm,68,AF,1538270053,83,36.86,70.83,34.39,1.48
486,mount isa,0,AU,1538269200,16,-20.73,139.49,87.8,12.75
487,maun,0,BW,1538265600,47,-19.99,23.42,77.0,18.34
488,careiro da varzea,20,BR,1538269200,69,-3.2,-59.81,82.4,3.36
489,palmer,0,AU,1538269200,34,-34.85,139.16,64.4,12.75
490,perigueux,0,FR,1538269200,93,45.18,0.72,50.0,2.93
491,tuy hoa,80,VN,1538270054,100,13.08,109.3,78.4,4.72
492,fairbanks,1,US,1538269080,6,64.84,-147.72,62.96,8.05
493,pahrump,1,US,1538268780,17,36.21,-115.98,93.02,13.87
494,hualmay,8,PE,1538270054,84,-11.1,-77.61,61.84,4.72
495,yaan,64,NG,1538270054,93,7.38,8.57,74.17,5.17
496,cairns,20,AU,1538269200,42,-16.92,145.77,82.4,20.8
497,mlimba,0,TZ,1538270055,52,-8.78,35.81,66.34,3.49
498,mount gambier,0,AU,1538270055,85,-37.83,140.78,55.63,3.49
499,yertsevo,12,RU,1538270055,92,60.8,40.09,31.42,8.19
500,okhotsk,32,RU,1538270055,86,59.36,143.24,42.76,12.21
501,tongliao,8,CN,1538270055,87,43.61,122.27,44.47,4.5
502,saquarema,75,BR,1538265600,78,-22.93,-42.51,77.0,8.05
503,zyryanskoye,68,RU,1538270055,55,56.83,86.62,48.43,14.23
504,amahai,80,ID,1538270056,100,-3.31,129.0,80.38,15.57
505,zheleznodorozhnyy,0,RU,1538267400,85,55.75,38.0,32.0,2.24
506,la rioja,0,AR,1538270056,33,-29.41,-66.86,76.51,6.62
507,horsham,0,AU,1538270056,100,-36.71,142.2,54.01,4.5
508,bismil,0,TR,1538268600,37,37.85,40.66,68.0,3.36
509,termiz,0,AF,1538268600,71,37.23,67.28,64.4,2.24
510,lukovetskiy,40,RU,1538267400,99,64.29,41.92,33.8,6.71
511,meulaboh,92,ID,1538270057,100,4.14,96.13,75.7,2.48
512,roma,0,IT,1538268600,59,41.89,12.48,62.6,3.36
513,penzance,0,GB,1538265000,93,50.12,-5.53,50.0,6.93
514,namatanai,0,PG,1538270057,94,-3.66,152.44,84.25,9.64
515,jaumave,75,MX,1538264940,58,23.41,-99.38,82.4,6.93
516,winchester,0,GB,1538265000,87,51.06,-1.31,48.2,2.24
517,ko samui,20,TH,1538269200,79,9.54,99.94,86.0,2.24
518,yuzhne,0,UA,1538267400,81,48.22,33.85,48.2,8.95
519,bowling green,1,US,1538268900,77,36.99,-86.44,69.08,4.16
520,dudinka,92,RU,1538270058,97,69.41,86.18,44.74,13.0
521,ballarat,0,AU,1538270059,96,-37.56,143.86,53.2,5.5
522,mendi,48,ET,1538270059,93,9.8,35.1,56.8,2.48
523,pangkalanbuun,0,ID,1538270059,86,-2.68,111.62,77.95,4.16
524,craigieburn,75,AU,1538269200,54,-37.6,144.94,57.2,6.93
525,murmashi,75,RU,1538267400,80,68.82,32.82,33.8,8.95
526,hastings,0,NZ,1538269767,94,-39.64,176.84,57.34,3.15
527,launceston,0,AU,1538269200,54,-41.43,147.14,57.2,10.29
528,manadhoo,92,MV,1538270060,100,5.77,73.38,82.72,16.8
529,tete,68,MZ,1538270060,49,-16.16,33.59,78.85,17.02
530,honiara,75,SB,1538269200,66,-9.43,159.96,87.8,4.7
531,dutse,12,NG,1538270060,78,11.76,9.34,75.7,3.94
532,khandbari,0,NP,1538270060,69,27.38,87.21,41.95,1.36
533,dwarka,0,IN,1538267400,94,28.58,77.04,75.2,5.82
534,poum,8,MK,1538270061,92,41.28,20.71,40.24,1.59
535,lieksa,56,FI,1538270061,81,63.32,30.02,39.7,9.08
536,balaipungut,68,ID,1538270061,94,1.11,101.31,74.89,2.93
537,necochea,0,AR,1538269890,94,-38.55,-58.74,51.67,9.19
538,linhai,0,CN,1538270061,56,28.86,121.14,71.65,11.65
539,berlevag,92,NO,1538270061,100,70.86,29.09,35.2,14.45
540,lavrentiya,92,RU,1538270062,88,65.58,-170.99,46.72,22.84
541,independence,90,US,1538270100,68,39.09,-94.42,73.94,3.36
542,kaberamaido,76,UG,1538270062,100,1.76,33.16,67.33,1.7
543,gberia fotombu,92,SL,1538270062,100,9.88,-11.17,68.05,5.61
544,lengshuijiang,12,CN,1538270062,84,27.66,111.45,63.37,2.37
545,kuching,75,MY,1538269200,88,1.56,110.34,78.8,5.5
546,rio grande,56,BR,1538270063,76,-32.03,-52.1,74.53,19.15
547,manokwari,80,ID,1538270063,100,-0.87,134.08,82.9,2.15
548,allapalli,44,IN,1538270063,84,19.43,80.06,80.2,2.59
549,filadelfia,12,PY,1538270063,51,-22.35,-60.04,89.2,16.69
550,grimshaw,20,CA,1538269200,50,56.19,-117.61,32.0,3.36
551,shakawe,92,BW,1538270064,21,-18.36,21.84,82.54,11.77
552,rosario do sul,20,BR,1538270064,67,-30.26,-54.91,81.37,13.44
553,ambunti,24,PG,1538270064,97,-4.22,142.82,77.32,2.59
554,vardo,20,US,1538268900,74,39.62,-77.74,66.92,6.93
555,kalmunai,80,LK,1538270064,100,7.42,81.82,73.99,3.71
556,rossland,75,CA,1538269200,30,49.08,-117.8,59.0,5.82
